groupKey,groupName,companyKey,companyName,productFolder,productName,imageCount
condiments_oil,"Dầu ăn, nước chấm, gia vị",ajinomoto,Công ty Ajinomoto Việt Nam,bot-ngot-hat-lon-ajinomoto-goi-100g,Bot Ngot Hat Lon Ajinomoto Goi 100g,5
condiments_oil,"Dầu ăn, nước chấm, gia vị",ajinomoto,Công ty Ajinomoto Việt Nam,bot-ngot-hat-lon-ajinomoto-goi-1kg,Bot Ngot Hat Lon Ajinomoto Goi 1kg,6
condiments_oil,"Dầu ăn, nước chấm, gia vị",ajinomoto,Công ty Ajinomoto Việt Nam,bot-ngot-hat-lon-ajinomoto-goi-454g,Bot Ngot Hat Lon Ajinomoto Goi 454g,6
condiments_oil,"Dầu ăn, nước chấm, gia vị",ajinomoto,Công ty Ajinomoto Việt Nam,gia-vi-lau-nam-aji-quick-goi-44g,Gia Vi Lau Nam Aji Quick Goi 44g,1
condiments_oil,"Dầu ăn, nước chấm, gia vị",ajinomoto,Công ty Ajinomoto Việt Nam,gia-vi-nem-san-bun-rieu-cua-aji-quick-goi-54g,Gia Vi Nem San Bun Rieu Cua Aji Quick Goi 54g,5
condiments_oil,"Dầu ăn, nước chấm, gia vị",ajinomoto,Công ty Ajinomoto Việt Nam,gia-vi-nem-san-ca-kho-aji-quick-goi-31g,Gia Vi Nem San Ca Kho Aji Quick Goi 31g,6
condiments_oil,"Dầu ăn, nước chấm, gia vị",ajinomoto,Công ty Ajinomoto Việt Nam,gia-vi-nem-san-nau-bun-bo-hue-aji-quick-goi-59g,Gia Vi Nem San Nau Bun Bo Hue Aji Quick Goi 59g,5
condiments_oil,"Dầu ăn, nước chấm, gia vị",ajinomoto,Công ty Ajinomoto Việt Nam,gia-vi-nem-san-thit-kho-aji-quick-goi-31g,Gia Vi Nem San Thit Kho Aji Quick Goi 31g,5
condiments_oil,"Dầu ăn, nước chấm, gia vị",ajinomoto,Công ty Ajinomoto Việt Nam,giam-gao-len-men-ajinomoto-chai-400ml,Giam Gao Len Men Ajinomoto Chai 400ml,5
condiments_oil,"Dầu ăn, nước chấm, gia vị",ajinomoto,Công ty Ajinomoto Việt Nam,hat-nem-aji-ngon-vi-heo-goi-170g,Hat Nem Aji Ngon Vi Heo Goi 170g,3
condiments_oil,"Dầu ăn, nước chấm, gia vị",ajinomoto,Công ty Ajinomoto Việt Nam,hat-nem-aji-ngon-vi-heo-goi-400g,Hat Nem Aji Ngon Vi Heo Goi 400g,4
condiments_oil,"Dầu ăn, nước chấm, gia vị",ajinomoto,Công ty Ajinomoto Việt Nam,hat-nem-aji-ngon-vi-heo-goi-900g,Hat Nem Aji Ngon Vi Heo Goi 900g,5
condiments_oil,"Dầu ăn, nước chấm, gia vị",ajinomoto,Công ty Ajinomoto Việt Nam,xot-mayonnaise-ajinomoto-aji-mayo-chua-beo-chai-130g,Xot Mayonnaise Ajinomoto Aji Mayo Chua Beo Chai 130g,5
condiments_oil,"Dầu ăn, nước chấm, gia vị",ajinomoto,Công ty Ajinomoto Việt Nam,xot-mayonnaise-ajinomoto-aji-mayo-chua-beo-chai-260g,Xot Mayonnaise Ajinomoto Aji Mayo Chua Beo Chai 260g,5
condiments_oil,"Dầu ăn, nước chấm, gia vị",ajinomoto,Công ty Ajinomoto Việt Nam,xot-mayonnaise-ajinomoto-aji-mayo-chua-beo-chai-430g,Xot Mayonnaise Ajinomoto Aji Mayo Chua Beo Chai 430g,1
condiments_oil,"Dầu ăn, nước chấm, gia vị",ajinomoto,Công ty Ajinomoto Việt Nam,xot-mayonnaise-ajinomoto-aji-mayo-ngot-diu-chai-130g,Xot Mayonnaise Ajinomoto Aji Mayo Ngot Diu Chai 130g,5
condiments_oil,"Dầu ăn, nước chấm, gia vị",golden_farm,Công ty Cánh Đồng Vàng (Golden Farm),Xốt mì Spaghetti truyền thống Golden Farm hũ 370g,Xốt mì Spaghetti truyền thống Golden Farm hũ 370g,5
condiments_oil,"Dầu ăn, nước chấm, gia vị",acecook,Công ty Cổ phần Acecook Việt Nam,Muối chấm Hảo Hảo tôm chua cay hũ 120g,Muối chấm Hảo Hảo tôm chua cay hũ 120g,5
condiments_oil,"Dầu ăn, nước chấm, gia vị",lien_thanh,Công ty Cổ phần Chế biến Thủy hải sản Liên Thành,Nước mắm chay Liên Thành 5 độ đạm chai 300ml,Nước mắm chay Liên Thành 5 độ đạm chai 300ml,2
condiments_oil,"Dầu ăn, nước chấm, gia vị",afotech,Công ty Cổ phần Công nghệ thực phẩm Châu Á (AFOTECH),Nước mắm Madame Lân 16 độ đạm chai 410ml,Nước mắm Madame Lân 16 độ đạm chai 410ml,3
condiments_oil,"Dầu ăn, nước chấm, gia vị",d_shining,Công ty Cổ phần D-SHINING,Nước chấm Đầu Bếp Tôm chai 800ml,Nước chấm Đầu Bếp Tôm chai 800ml,5
condiments_oil,"Dầu ăn, nước chấm, gia vị",d_shining,Công ty Cổ phần D-SHINING,Nước mắm cao cấp cốt nhĩ tôm Đầu Bếp Tôm 18 độ đạm chai 500ml,Nước mắm cao cấp cốt nhĩ tôm Đầu Bếp Tôm 18 độ đạm chai 500ml,7
condiments_oil,"Dầu ăn, nước chấm, gia vị",d_shining,Công ty Cổ phần D-SHINING,Nước mắm cốt nhĩ tôm Đầu Bếp Tôm 14 độ đạm chai 500ml,Nước mắm cốt nhĩ tôm Đầu Bếp Tôm 14 độ đạm chai 500ml,1
condiments_oil,"Dầu ăn, nước chấm, gia vị",d_shining,Công ty Cổ phần D-SHINING,Thùng 12 chai nước mắm cốt nhĩ tôm Đầu Bếp Tôm 18 độ đạm chai 500ml,Thùng 12 chai nước mắm cốt nhĩ tôm Đầu Bếp Tôm 18 độ đạm chai 500ml,6
condiments_oil,"Dầu ăn, nước chấm, gia vị",d_shining,Công ty Cổ phần D-SHINING,Thùng 15 chai nước chấm Đầu Bếp Tôm chai 800ml,Thùng 15 chai nước chấm Đầu Bếp Tôm chai 800ml,5
condiments_oil,"Dầu ăn, nước chấm, gia vị",tuong_an,Công ty Cổ phần Dầu Thực Vật Tường An,Bơ thực vật Tường An hũ 200g,Bơ thực vật Tường An hũ 200g,6
condiments_oil,"Dầu ăn, nước chấm, gia vị",tuong_an,Công ty Cổ phần Dầu Thực Vật Tường An,Bơ thực vật Tường An hũ 80g,Bơ thực vật Tường An hũ 80g,5
condiments_oil,"Dầu ăn, nước chấm, gia vị",tuong_an,Công ty Cổ phần Dầu Thực Vật Tường An,Dầu đậu nành 100% nguyên chất Tường An chai 1 lít,Dầu đậu nành 100% nguyên chất Tường An chai 1 lít,6
condiments_oil,"Dầu ăn, nước chấm, gia vị",tuong_an,Công ty Cổ phần Dầu Thực Vật Tường An,Dầu gấc cho bé Vio Extra Tường An chai 250ml,Dầu gấc cho bé Vio Extra Tường An chai 250ml,6
condiments_oil,"Dầu ăn, nước chấm, gia vị",tuong_an,Công ty Cổ phần Dầu Thực Vật Tường An,Dầu thực vật Tường An Cooking Oil can 2 lít,Dầu thực vật Tường An Cooking Oil can 2 lít,6
condiments_oil,"Dầu ăn, nước chấm, gia vị",tuong_an,Công ty Cổ phần Dầu Thực Vật Tường An,Dầu thực vật Tường An Cooking Oil chai 1 lít,Dầu thực vật Tường An Cooking Oil chai 1 lít,6
condiments_oil,"Dầu ăn, nước chấm, gia vị",cong_ty_co_phan_dh_foods,Cong Ty Co Phan Dh Foods,Dầu màu điều Dh Foods chai 90ml,Dầu màu điều Dh Foods chai 90ml,4
condiments_oil,"Dầu ăn, nước chấm, gia vị",cong_ty_co_phan_dh_foods,Cong Ty Co Phan Dh Foods,Muối ớt Tây Ninh Dh Foods hũ 120g,Muối ớt Tây Ninh Dh Foods hũ 120g,4
condiments_oil,"Dầu ăn, nước chấm, gia vị",cong_ty_co_phan_dh_foods,Cong Ty Co Phan Dh Foods,Muối tôm kiểu Tây Ninh Dh Foods hũ 110g,Muối tôm kiểu Tây Ninh Dh Foods hũ 110g,3
condiments_oil,"Dầu ăn, nước chấm, gia vị",cong_ty_co_phan_dh_foods,Cong Ty Co Phan Dh Foods,Sốt phô mai Dh Foods chai 100g,Sốt phô mai Dh Foods chai 100g,6
condiments_oil,"Dầu ăn, nước chấm, gia vị",cong_ty_co_phan_dh_foods,Cong Ty Co Phan Dh Foods,Sốt tiêu đen Dh Foods chai 200g,Sốt tiêu đen Dh Foods chai 200g,5
condiments_oil,"Dầu ăn, nước chấm, gia vị",cong_ty_co_phan_dh_foods,Cong Ty Co Phan Dh Foods,Sốt trứng muối Dh Foods chai 100g,Sốt trứng muối Dh Foods chai 100g,6
condiments_oil,"Dầu ăn, nước chấm, gia vị",cong_ty_co_phan_dh_foods,Cong Ty Co Phan Dh Foods,Xốt thái sả tắc Dh Foods chai 200g,Xốt thái sả tắc Dh Foods chai 200g,2
condiments_oil,"Dầu ăn, nước chấm, gia vị",cong_ty_co_phan_duong_quang_ngai,Cong Ty Co Phan Duong Quang Ngai,Đường vàng Quảng Ngãi gói 1kg,Đường vàng Quảng Ngãi gói 1kg,6
condiments_oil,"Dầu ăn, nước chấm, gia vị",cong_ty_co_phan_duong_quang_ngai_nmd_an_khe,Cong Ty Co Phan Duong Quang Ngai Nmd An Khe,Đường kính trắng An Khê gói 1kg,Đường kính trắng An Khê gói 1kg,6
condiments_oil,"Dầu ăn, nước chấm, gia vị",cong_ty_co_phan_duong_quang_ngai_nmd_an_khe,Cong Ty Co Phan Duong Quang Ngai Nmd An Khe,Đường kính trắng An Khê gói 500g,Đường kính trắng An Khê gói 500g,4
condiments_oil,"Dầu ăn, nước chấm, gia vị",cong_ty_co_phan_hang_tieu_dung_bien_hoa,Cong Ty Co Phan Hang Tieu Dung Bien Hoa,Đường lỏng Biên Hòa Syrup mía chai 400ml,Đường lỏng Biên Hòa Syrup mía chai 400ml,3
condiments_oil,"Dầu ăn, nước chấm, gia vị",cong_ty_co_phan_hang_tieu_dung_bien_hoa,Cong Ty Co Phan Hang Tieu Dung Bien Hoa,Đường mía thiên nhiên Biên Hòa gói 1kg,Đường mía thiên nhiên Biên Hòa gói 1kg,7
condiments_oil,"Dầu ăn, nước chấm, gia vị",cong_ty_co_phan_hang_tieu_dung_bien_hoa,Cong Ty Co Phan Hang Tieu Dung Bien Hoa,Đường mía thượng hạng Biên Hòa gói 1kg,Đường mía thượng hạng Biên Hòa gói 1kg,5
condiments_oil,"Dầu ăn, nước chấm, gia vị",cong_ty_co_phan_hang_tieu_dung_masan_masan_consumer,Cong Ty Co Phan Hang Tieu Dung Masan Masan Consumer,2 chai nước chấm Nam Ngư Siêu Tiết Kiệm 800ml,2 chai nước chấm Nam Ngư Siêu Tiết Kiệm 800ml,3
condiments_oil,"Dầu ăn, nước chấm, gia vị",cong_ty_co_phan_hang_tieu_dung_masan_masan_consumer,Cong Ty Co Phan Hang Tieu Dung Masan Masan Consumer,Gia vị hoàn chỉnh dạng xốt gà chiên nước mắm Chinsu hộp 700g,Gia vị hoàn chỉnh dạng xốt gà chiên nước mắm Chinsu hộp 700g,6
condiments_oil,"Dầu ăn, nước chấm, gia vị",cong_ty_co_phan_hang_tieu_dung_masan_masan_consumer,Cong Ty Co Phan Hang Tieu Dung Masan Masan Consumer,Gia vị hoàn chỉnh dạng xốt thịt kho Chinsu gói 70g,Gia vị hoàn chỉnh dạng xốt thịt kho Chinsu gói 70g,6
condiments_oil,"Dầu ăn, nước chấm, gia vị",cong_ty_co_phan_hang_tieu_dung_masan_masan_consumer,Cong Ty Co Phan Hang Tieu Dung Masan Masan Consumer,Hạt nêm Chinsu ngọt tôm thơm thịt gói 900g,Hạt nêm Chinsu ngọt tôm thơm thịt gói 900g,6
condiments_oil,"Dầu ăn, nước chấm, gia vị",cong_ty_co_phan_hang_tieu_dung_masan_masan_consumer,Cong Ty Co Phan Hang Tieu Dung Masan Masan Consumer,Kho quẹt Nam Ngư hũ 200g,Kho quẹt Nam Ngư hũ 200g,2
condiments_oil,"Dầu ăn, nước chấm, gia vị",cong_ty_co_phan_hang_tieu_dung_masan_masan_consumer,Cong Ty Co Phan Hang Tieu Dung Masan Masan Consumer,Nước chấm chua ngọt Nam Ngư ớt tỏi Lý Sơn chai 300ml,Nước chấm chua ngọt Nam Ngư ớt tỏi Lý Sơn chai 300ml,6
condiments_oil,"Dầu ăn, nước chấm, gia vị",cong_ty_co_phan_hang_tieu_dung_masan_masan_consumer,Cong Ty Co Phan Hang Tieu Dung Masan Masan Consumer,Nước chấm Nam Ngư Đệ Nhị chai 900ml,Nước chấm Nam Ngư Đệ Nhị chai 900ml,4
condiments_oil,"Dầu ăn, nước chấm, gia vị",cong_ty_co_phan_hang_tieu_dung_masan_masan_consumer,Cong Ty Co Phan Hang Tieu Dung Masan Masan Consumer,Nước chấm Nam Ngư Siêu Tiết Kiệm chai 800ml,Nước chấm Nam Ngư Siêu Tiết Kiệm chai 800ml,2
condiments_oil,"Dầu ăn, nước chấm, gia vị",cong_ty_co_phan_hang_tieu_dung_masan_masan_consumer,Cong Ty Co Phan Hang Tieu Dung Masan Masan Consumer,Nước mắm cá cơm Nam Ngư 15 độ đạm chai 500ml,Nước mắm cá cơm Nam Ngư 15 độ đạm chai 500ml,4
condiments_oil,"Dầu ăn, nước chấm, gia vị",cong_ty_co_phan_hang_tieu_dung_masan_masan_consumer,Cong Ty Co Phan Hang Tieu Dung Masan Masan Consumer,Nước mắm cá cơm Nam Ngư 15 độ đạm chai 900ml,Nước mắm cá cơm Nam Ngư 15 độ đạm chai 900ml,7
condiments_oil,"Dầu ăn, nước chấm, gia vị",cong_ty_co_phan_hang_tieu_dung_masan_masan_consumer,Cong Ty Co Phan Hang Tieu Dung Masan Masan Consumer,Nước mắm Chinsu cá cơm biển đông 25 độ đạm chai 720ml,Nước mắm Chinsu cá cơm biển đông 25 độ đạm chai 720ml,9
condiments_oil,"Dầu ăn, nước chấm, gia vị",cong_ty_co_phan_hang_tieu_dung_masan_masan_consumer,Cong Ty Co Phan Hang Tieu Dung Masan Masan Consumer,Nước mắm hương cá hồi hảo hạng Chinsu 16 độ đạm chai 500ml,Nước mắm hương cá hồi hảo hạng Chinsu 16 độ đạm chai 500ml,8
condiments_oil,"Dầu ăn, nước chấm, gia vị",cong_ty_co_phan_hang_tieu_dung_masan_masan_consumer,Cong Ty Co Phan Hang Tieu Dung Masan Masan Consumer,Nước tương Chinsu tỏi ớt chai 330ml,Nước tương Chinsu tỏi ớt chai 330ml,6
condiments_oil,"Dầu ăn, nước chấm, gia vị",cong_ty_co_phan_hang_tieu_dung_masan_masan_consumer,Cong Ty Co Phan Hang Tieu Dung Masan Masan Consumer,Nước tương Nhất Ca Tam Thái Tử chai 500ml,Nước tương Nhất Ca Tam Thái Tử chai 500ml,6
condiments_oil,"Dầu ăn, nước chấm, gia vị",cong_ty_co_phan_hang_tieu_dung_masan_masan_consumer,Cong Ty Co Phan Hang Tieu Dung Masan Masan Consumer,Nước tương Tam Thái Tử Nhất Ca sánh đậm chai 500ml,Nước tương Tam Thái Tử Nhất Ca sánh đậm chai 500ml,3
condiments_oil,"Dầu ăn, nước chấm, gia vị",cong_ty_co_phan_hang_tieu_dung_masan_masan_consumer,Cong Ty Co Phan Hang Tieu Dung Masan Masan Consumer,Tương cà Chinsu chai 250g,Tương cà Chinsu chai 250g,5
condiments_oil,"Dầu ăn, nước chấm, gia vị",cong_ty_co_phan_hang_tieu_dung_masan_masan_consumer,Cong Ty Co Phan Hang Tieu Dung Masan Masan Consumer,Tương ớt Chinsu chai 1kg,Tương ớt Chinsu chai 1kg,5
condiments_oil,"Dầu ăn, nước chấm, gia vị",cong_ty_co_phan_hang_tieu_dung_masan_masan_consumer,Cong Ty Co Phan Hang Tieu Dung Masan Masan Consumer,Tương ớt Chinsu chai 250g,Tương ớt Chinsu chai 250g,5
condiments_oil,"Dầu ăn, nước chấm, gia vị",cong_ty_co_phan_hang_tieu_dung_masan_masan_consumer,Cong Ty Co Phan Hang Tieu Dung Masan Masan Consumer,Tương ớt Chinsu chai 500g,Tương ớt Chinsu chai 500g,5
condiments_oil,"Dầu ăn, nước chấm, gia vị",cong_ty_co_phan_hang_tieu_dung_masan_masan_consumer,Cong Ty Co Phan Hang Tieu Dung Masan Masan Consumer,Tương ớt Chinsu Sriracha chai 250g,Tương ớt Chinsu Sriracha chai 250g,3
condiments_oil,"Dầu ăn, nước chấm, gia vị",cong_ty_co_phan_hang_tieu_dung_masan_masan_consumer,Cong Ty Co Phan Hang Tieu Dung Masan Masan Consumer,Xốt gia vị nêm sẵn lẩu Thái Chinsu gói 80g,Xốt gia vị nêm sẵn lẩu Thái Chinsu gói 80g,1
condiments_oil,"Dầu ăn, nước chấm, gia vị",cong_ty_co_phan_hang_tieu_dung_masan_masan_consumer,Cong Ty Co Phan Hang Tieu Dung Masan Masan Consumer,Xốt gia vị nêm sẵn thịt nướng Chinsu gói 80g,Xốt gia vị nêm sẵn thịt nướng Chinsu gói 80g,6
condiments_oil,"Dầu ăn, nước chấm, gia vị",cong_ty_co_phan_hang_tieu_dung_masan_masan_consumer,Cong Ty Co Phan Hang Tieu Dung Masan Masan Consumer,Xốt nhà hàng thịt nướng muối ớt Chinsu gói 80g,Xốt nhà hàng thịt nướng muối ớt Chinsu gói 80g,1
condiments_oil,"Dầu ăn, nước chấm, gia vị",cong_ty_co_phan_huu_han_vedan_viet_nam,Cong Ty Co Phan Huu Han Vedan Viet Nam,Bột ngọt hạt lớn Vedan gói 454g,Bột ngọt hạt lớn Vedan gói 454g,5
condiments_oil,"Dầu ăn, nước chấm, gia vị",cong_ty_co_phan_huu_han_vedan_viet_nam,Cong Ty Co Phan Huu Han Vedan Viet Nam,Bột ngọt hạt nhỏ Vedan gói 1kg,Bột ngọt hạt nhỏ Vedan gói 1kg,4
condiments_oil,"Dầu ăn, nước chấm, gia vị",cong_ty_co_phan_janbee,Cong Ty Co Phan Janbee,Dầu đậu nành tinh luyện Janbee can 2 lít,Dầu đậu nành tinh luyện Janbee can 2 lít,9
condiments_oil,"Dầu ăn, nước chấm, gia vị",cong_ty_co_phan_janbee,Cong Ty Co Phan Janbee,Dầu đậu nành tinh luyện Janbee chai 1 lít,Dầu đậu nành tinh luyện Janbee chai 1 lít,7
condiments_oil,"Dầu ăn, nước chấm, gia vị",cong_ty_co_phan_marico_south_east_asia_marico_sea,Cong Ty Co Phan Marico South East Asia Marico Sea,Nước mắm cá cơm Thuận Phát 40 độ đạm chai 610ml,Nước mắm cá cơm Thuận Phát 40 độ đạm chai 610ml,7
condiments_oil,"Dầu ăn, nước chấm, gia vị",cong_ty_co_phan_nam_phuong_nam_phuong_food,Cong Ty Co Phan Nam Phuong Nam Phuong Food,Nước dùng hoàn chỉnh lẩu Thái Barona gói 180g,Nước dùng hoàn chỉnh lẩu Thái Barona gói 180g,5
condiments_oil,"Dầu ăn, nước chấm, gia vị",cong_ty_co_phan_nam_phuong_nam_phuong_food,Cong Ty Co Phan Nam Phuong Nam Phuong Food,Xốt gia vị hoàn chỉnh gà chiên nước mắm Barona gói 80g,Xốt gia vị hoàn chỉnh gà chiên nước mắm Barona gói 80g,5
condiments_oil,"Dầu ăn, nước chấm, gia vị",cong_ty_co_phan_nam_phuong_nam_phuong_food,Cong Ty Co Phan Nam Phuong Nam Phuong Food,Xốt gia vị hoàn chỉnh nướng BBQ Barona gói 80g,Xốt gia vị hoàn chỉnh nướng BBQ Barona gói 80g,6
condiments_oil,"Dầu ăn, nước chấm, gia vị",cong_ty_co_phan_nam_phuong_nam_phuong_food,Cong Ty Co Phan Nam Phuong Nam Phuong Food,Xốt gia vị hoàn chỉnh nướng muối ớt Barona gói 80g,Xốt gia vị hoàn chỉnh nướng muối ớt Barona gói 80g,5
condiments_oil,"Dầu ăn, nước chấm, gia vị",cong_ty_co_phan_nam_phuong_nam_phuong_food,Cong Ty Co Phan Nam Phuong Nam Phuong Food,Xốt gia vị nấu canh chua Barona gói 80g,Xốt gia vị nấu canh chua Barona gói 80g,5
condiments_oil,"Dầu ăn, nước chấm, gia vị",cong_ty_co_phan_nosafood_nosafood_jsc,Cong Ty Co Phan Nosafood Nosafood Jsc,Gia vị nấu lẩu cà chua Tứ Xuyên Ông Chà Và gói 150g,Gia vị nấu lẩu cà chua Tứ Xuyên Ông Chà Và gói 150g,3
condiments_oil,"Dầu ăn, nước chấm, gia vị",cong_ty_co_phan_nosafood_nosafood_jsc,Cong Ty Co Phan Nosafood Nosafood Jsc,Gia vị nấu phở Ông Chà Và gói 25g,Gia vị nấu phở Ông Chà Và gói 25g,4
condiments_oil,"Dầu ăn, nước chấm, gia vị",cong_ty_co_phan_nosafood_nosafood_jsc,Cong Ty Co Phan Nosafood Nosafood Jsc,Muối hạt thiên nhiên Ông Chà Và gói 1kg,Muối hạt thiên nhiên Ông Chà Và gói 1kg,2
condiments_oil,"Dầu ăn, nước chấm, gia vị",cong_ty_co_phan_nosafood_nosafood_jsc,Cong Ty Co Phan Nosafood Nosafood Jsc,Nước tương Ông Chà Và 707 vị thanh dịu chai 500ml,Nước tương Ông Chà Và 707 vị thanh dịu chai 500ml,3
condiments_oil,"Dầu ăn, nước chấm, gia vị",cong_ty_co_phan_nosafood_nosafood_jsc,Cong Ty Co Phan Nosafood Nosafood Jsc,Sốt đậu hũ Tứ Xuyên Ông Chà Và gói 90g,Sốt đậu hũ Tứ Xuyên Ông Chà Và gói 90g,1
condiments_oil,"Dầu ăn, nước chấm, gia vị",cong_ty_co_phan_nosafood_nosafood_jsc,Cong Ty Co Phan Nosafood Nosafood Jsc,Sốt sườn xào chua ngọt Ông Chà Và gói 90g,Sốt sườn xào chua ngọt Ông Chà Và gói 90g,5
condiments_oil,"Dầu ăn, nước chấm, gia vị",cong_ty_co_phan_nosafood_nosafood_jsc,Cong Ty Co Phan Nosafood Nosafood Jsc,Sốt ướp xá xíu Ông Chà Và gói 90g,Sốt ướp xá xíu Ông Chà Và gói 90g,5
condiments_oil,"Dầu ăn, nước chấm, gia vị",cong_ty_co_phan_nosafood_nosafood_jsc,Cong Ty Co Phan Nosafood Nosafood Jsc,Tương đen chai dẹp Ông Chà Và 300g,Tương đen chai dẹp Ông Chà Và 300g,5
condiments_oil,"Dầu ăn, nước chấm, gia vị",cong_ty_co_phan_nosafood_nosafood_jsc,Cong Ty Co Phan Nosafood Nosafood Jsc,Tương ớt Ông Chà Và chai 700g,Tương ớt Ông Chà Và chai 700g,3
condiments_oil,"Dầu ăn, nước chấm, gia vị",cong_ty_co_phan_nosafood_nosafood_jsc,Cong Ty Co Phan Nosafood Nosafood Jsc,Tương ớt xanh Ông Chà Và chai 210g,Tương ớt xanh Ông Chà Và chai 210g,5
condiments_oil,"Dầu ăn, nước chấm, gia vị",cong_ty_co_phan_sai_gon_food,Cong Ty Co Phan Sai Gon Food,Nước dùng cô đặc lẩu Thái chay SG Food gói 180g,Nước dùng cô đặc lẩu Thái chay SG Food gói 180g,3
condiments_oil,"Dầu ăn, nước chấm, gia vị",cong_ty_co_phan_sai_gon_food,Cong Ty Co Phan Sai Gon Food,Nước dùng cô đặc lẩu Thái SG Food gói 180g,Nước dùng cô đặc lẩu Thái SG Food gói 180g,3
condiments_oil,"Dầu ăn, nước chấm, gia vị",cong_ty_co_phan_sai_gon_food,Cong Ty Co Phan Sai Gon Food,Xốt gia vị hoàn chỉnh gà chiên mắm tỏi SG Food gói 70g,Xốt gia vị hoàn chỉnh gà chiên mắm tỏi SG Food gói 70g,3
condiments_oil,"Dầu ăn, nước chấm, gia vị",cong_ty_co_phan_sai_gon_food,Cong Ty Co Phan Sai Gon Food,Xốt gia vị hoàn chỉnh sườn xào chua ngọt SG Food gói 70g,Xốt gia vị hoàn chỉnh sườn xào chua ngọt SG Food gói 70g,3
condiments_oil,"Dầu ăn, nước chấm, gia vị",cong_ty_co_phan_tap_doan_muoi_mien_nam,Cong Ty Co Phan Tap Doan Muoi Mien Nam,Muối sấy I-ốt Sosal Group gói 1kg,Muối sấy I-ốt Sosal Group gói 1kg,5
condiments_oil,"Dầu ăn, nước chấm, gia vị",cong_ty_co_phan_thuc_pham_an_long,Cong Ty Co Phan Thuc Pham An Long,Dầu ăn cao cấp Happi Koki can 2 lít,Dầu ăn cao cấp Happi Koki can 2 lít,6
condiments_oil,"Dầu ăn, nước chấm, gia vị",cong_ty_co_phan_thuc_pham_an_long,Cong Ty Co Phan Thuc Pham An Long,Dầu ăn cao cấp Happi Koki chai 1 lít,Dầu ăn cao cấp Happi Koki chai 1 lít,6
condiments_oil,"Dầu ăn, nước chấm, gia vị",cong_ty_co_phan_thuc_pham_an_long,Cong Ty Co Phan Thuc Pham An Long,Dầu ăn cao cấp Happi Koki chai 400ml,Dầu ăn cao cấp Happi Koki chai 400ml,6
condiments_oil,"Dầu ăn, nước chấm, gia vị",cholimex,Công ty Cổ phần Thực phẩm Cholimex,Dầu dấm trộn salad Cholimex chai 270g,Dầu dấm trộn salad Cholimex chai 270g,6
condiments_oil,"Dầu ăn, nước chấm, gia vị",cholimex,Công ty Cổ phần Thực phẩm Cholimex,Nước tương đậu nành hảo vị Hương Việt chai 500ml,Nước tương đậu nành hảo vị Hương Việt chai 500ml,5
condiments_oil,"Dầu ăn, nước chấm, gia vị",cholimex,Công ty Cổ phần Thực phẩm Cholimex,Nước tương đậu nành Hương Việt thanh vị chai 500ml,Nước tương đậu nành Hương Việt thanh vị chai 500ml,6
condiments_oil,"Dầu ăn, nước chấm, gia vị",cholimex,Công ty Cổ phần Thực phẩm Cholimex,Tương cà Cholimex chai 270g,Tương cà Cholimex chai 270g,4
condiments_oil,"Dầu ăn, nước chấm, gia vị",cholimex,Công ty Cổ phần Thực phẩm Cholimex,Tương ớt cay nồng Cholimex chai 270g,Tương ớt cay nồng Cholimex chai 270g,5
condiments_oil,"Dầu ăn, nước chấm, gia vị",cholimex,Công ty Cổ phần Thực phẩm Cholimex,Tương ớt Cholimex chai 830g,Tương ớt Cholimex chai 830g,4
condiments_oil,"Dầu ăn, nước chấm, gia vị",cholimex,Công ty Cổ phần Thực phẩm Cholimex,Tương ớt Cholimex chai nhựa 270g,Tương ớt Cholimex chai nhựa 270g,5
condiments_oil,"Dầu ăn, nước chấm, gia vị",cholimex,Công ty Cổ phần Thực phẩm Cholimex,Tương ớt chua ngọt Cholimex chai thủy tinh 270g,Tương ớt chua ngọt Cholimex chai thủy tinh 270g,4
condiments_oil,"Dầu ăn, nước chấm, gia vị",cholimex,Công ty Cổ phần Thực phẩm Cholimex,Xốt gà chiên nước mắm Cholimex gói 90g,Xốt gà chiên nước mắm Cholimex gói 90g,3
condiments_oil,"Dầu ăn, nước chấm, gia vị",cholimex,Công ty Cổ phần Thực phẩm Cholimex,Xốt lẩu kim chi Cholimex chai 280g,Xốt lẩu kim chi Cholimex chai 280g,5
condiments_oil,"Dầu ăn, nước chấm, gia vị",cholimex,Công ty Cổ phần Thực phẩm Cholimex,Xốt nấu bò kho Cholimex gói 90g,Xốt nấu bò kho Cholimex gói 90g,6
condiments_oil,"Dầu ăn, nước chấm, gia vị",cholimex,Công ty Cổ phần Thực phẩm Cholimex,Xốt nấu bún bò Cholimex gói 90g,Xốt nấu bún bò Cholimex gói 90g,6
condiments_oil,"Dầu ăn, nước chấm, gia vị",cholimex,Công ty Cổ phần Thực phẩm Cholimex,Xốt sườn xào chua ngọt Cholimex gói 90g,Xốt sườn xào chua ngọt Cholimex gói 90g,3
condiments_oil,"Dầu ăn, nước chấm, gia vị",cong_ty_co_phan_thuy_san_584_nha_trang,Cong Ty Co Phan Thuy San 584 Nha Trang,Nước mắm nhỉ 584 Nha Trang 35 độ đạm chai 510ml,Nước mắm nhỉ 584 Nha Trang 35 độ đạm chai 510ml,8
condiments_oil,"Dầu ăn, nước chấm, gia vị",cong_ty_co_phan_thuy_san_584_nha_trang,Cong Ty Co Phan Thuy San 584 Nha Trang,Nước mắm nhỉ cá cơm 584 Nha Trang 25 độ đạm chai 1 lít,Nước mắm nhỉ cá cơm 584 Nha Trang 25 độ đạm chai 1 lít,7
condiments_oil,"Dầu ăn, nước chấm, gia vị",cong_ty_co_phan_xuat_nhap_khau_a_tuan_khang,Cong Ty Co Phan Xuat Nhap Khau A Tuan Khang,Giấm tinh luyện A Tuấn Khang chai 900ml,Giấm tinh luyện A Tuấn Khang chai 900ml,5
condiments_oil,"Dầu ăn, nước chấm, gia vị",cong_ty_cp_vifon,Cong Ty Cp Vifon,Bột canh I-ốt Vifon gói 200g,Bột canh I-ốt Vifon gói 200g,6
condiments_oil,"Dầu ăn, nước chấm, gia vị",cong_ty_cp_vifon,Cong Ty Cp Vifon,Bột canh tôm Vifon gói 200g,Bột canh tôm Vifon gói 200g,7
condiments_oil,"Dầu ăn, nước chấm, gia vị",cong_ty_cp_vifon,Cong Ty Cp Vifon,Bột canh Vifon gói 200g,Bột canh Vifon gói 200g,5
condiments_oil,"Dầu ăn, nước chấm, gia vị",cong_ty_cp_vifon,Cong Ty Cp Vifon,Bột canh Vifon gói 450g,Bột canh Vifon gói 450g,6
condiments_oil,"Dầu ăn, nước chấm, gia vị",cong_ty_gia_vi_tri_viet_phat,Cong Ty Gia Vi Tri Viet Phat,Muối ớt chanh Guyumi chai 200g,Muối ớt chanh Guyumi chai 200g,5
condiments_oil,"Dầu ăn, nước chấm, gia vị",cong_ty_gia_vi_tri_viet_phat,Cong Ty Gia Vi Tri Viet Phat,Muối ớt Kim Quất Guyumi chai 200g,Muối ớt Kim Quất Guyumi chai 200g,5
condiments_oil,"Dầu ăn, nước chấm, gia vị",cong_ty_nhat_minh_food,Cong Ty Nhat Minh Food,Dầu thực vật Good Meall chai 1 lít,Dầu thực vật Good Meall chai 1 lít,5
condiments_oil,"Dầu ăn, nước chấm, gia vị",calofic,Công ty TNHH Calofic,2 chai dầu thực vật tinh luyện Orchid 1 lít,2 chai dầu thực vật tinh luyện Orchid 1 lít,8
condiments_oil,"Dầu ăn, nước chấm, gia vị",calofic,Công ty TNHH Calofic,Dầu ăn thượng hạng Neptune Light chai 1 lít,Dầu ăn thượng hạng Neptune Light chai 1 lít,6
condiments_oil,"Dầu ăn, nước chấm, gia vị",calofic,Công ty TNHH Calofic,Dầu đậu nành nguyên chất Simply can 2 lít,Dầu đậu nành nguyên chất Simply can 2 lít,6
condiments_oil,"Dầu ăn, nước chấm, gia vị",calofic,Công ty TNHH Calofic,Dầu gạo lứt nguyên chất Simply chai 1 lít,Dầu gạo lứt nguyên chất Simply chai 1 lít,6
condiments_oil,"Dầu ăn, nước chấm, gia vị",calofic,Công ty TNHH Calofic,Dầu thực vật tinh luyện Cái Lân chai 1 lít,Dầu thực vật tinh luyện Cái Lân chai 1 lít,5
condiments_oil,"Dầu ăn, nước chấm, gia vị",calofic,Công ty TNHH Calofic,Dầu thực vật tinh luyện Orchid can 2 lít,Dầu thực vật tinh luyện Orchid can 2 lít,7
condiments_oil,"Dầu ăn, nước chấm, gia vị",calofic,Công ty TNHH Calofic,Dầu thực vật tinh luyện Orchid chai 1 lít,Dầu thực vật tinh luyện Orchid chai 1 lít,7
condiments_oil,"Dầu ăn, nước chấm, gia vị",cong_ty_tnhh_canh_dong_vang,Cong Ty Tnhh Canh Dong Vang,Bơ đậu phộng mịn Golden Farm hũ 170g,Bơ đậu phộng mịn Golden Farm hũ 170g,6
condiments_oil,"Dầu ăn, nước chấm, gia vị",cong_ty_tnhh_che_bien_dua_luong_quoi,Cong Ty Tnhh Che Bien Dua Luong Quoi,Dầu dừa nguyên chất tinh luyện Vietcoco chai 1 lít,Dầu dừa nguyên chất tinh luyện Vietcoco chai 1 lít,6
condiments_oil,"Dầu ăn, nước chấm, gia vị",cong_ty_tnhh_che_bien_thuc_pham_hanh_phuc,Cong Ty Tnhh Che Bien Thuc Pham Hanh Phuc,Nước mắm cá cơm Hạnh Phúc 60 độ đạm chai 500ml,Nước mắm cá cơm Hạnh Phúc 60 độ đạm chai 500ml,5
condiments_oil,"Dầu ăn, nước chấm, gia vị",cong_ty_tnhh_hung_viet,Cong Ty Tnhh Hung Viet,Nước mắm cốt nhĩ 35% Việt Nhĩ 15 độ đạm chai 500ml,Nước mắm cốt nhĩ 35% Việt Nhĩ 15 độ đạm chai 500ml,3
condiments_oil,"Dầu ăn, nước chấm, gia vị",cong_ty_tnhh_kamereo,Cong Ty Tnhh Kamereo,Đường phèn Hoàng Long gói 500g,Đường phèn Hoàng Long gói 500g,5
condiments_oil,"Dầu ăn, nước chấm, gia vị",cong_ty_tnhh_kewpie_viet_nam,Cong Ty Tnhh Kewpie Viet Nam,Nước chấm mè rang Kewpie chai 180ml,Nước chấm mè rang Kewpie chai 180ml,5
condiments_oil,"Dầu ăn, nước chấm, gia vị",cong_ty_tnhh_kewpie_viet_nam,Cong Ty Tnhh Kewpie Viet Nam,Nước xốt salad mè rang Kewpie chai 210ml,Nước xốt salad mè rang Kewpie chai 210ml,4
condiments_oil,"Dầu ăn, nước chấm, gia vị",cong_ty_tnhh_kewpie_viet_nam,Cong Ty Tnhh Kewpie Viet Nam,Xốt mayonnaise Kewpie chai 130g,Xốt mayonnaise Kewpie chai 130g,4
condiments_oil,"Dầu ăn, nước chấm, gia vị",cong_ty_tnhh_meizan_clv_mcc,Cong Ty Tnhh Meizan Clv Mcc,Dầu ăn cao cấp Meizan Gold chai 1 lít,Dầu ăn cao cấp Meizan Gold chai 1 lít,6
condiments_oil,"Dầu ăn, nước chấm, gia vị",cong_ty_tnhh_meizan_clv_mcc,Cong Ty Tnhh Meizan Clv Mcc,Dầu đậu nành Meizan can 2 lít,Dầu đậu nành Meizan can 2 lít,6
condiments_oil,"Dầu ăn, nước chấm, gia vị",cong_ty_tnhh_meizan_clv_mcc,Cong Ty Tnhh Meizan Clv Mcc,Dầu đậu nành Meizan chai 1 lít,Dầu đậu nành Meizan chai 1 lít,6
condiments_oil,"Dầu ăn, nước chấm, gia vị",cong_ty_tnhh_meizan_clv_mcc,Cong Ty Tnhh Meizan Clv Mcc,Dầu hướng dương nguyên chất Meizan chai 1 lít,Dầu hướng dương nguyên chất Meizan chai 1 lít,6
condiments_oil,"Dầu ăn, nước chấm, gia vị",cong_ty_tnhh_meizan_clv_mcc,Cong Ty Tnhh Meizan Clv Mcc,Dầu mè thơm hảo hạng Meizan chai 250ml,Dầu mè thơm hảo hạng Meizan chai 250ml,6
condiments_oil,"Dầu ăn, nước chấm, gia vị",cong_ty_tnhh_mtv_phat_trien_dac_san_vung_mien_tran_gia,Cong Ty Tnhh Mtv Phat Trien Dac San Vung Mien Tran Gia,Đường thốt nốt dạng viên Moun7ains gói 500g,Đường thốt nốt dạng viên Moun7ains gói 500g,5
condiments_oil,"Dầu ăn, nước chấm, gia vị",cong_ty_tnhh_mtv_sx_tm_dv_moi_truong_viet_tin,Cong Ty Tnhh Mtv Sx Tm Dv Moi Truong Viet Tin,Sốt ướp đồ nướng Lee Kum Kee gói 45g,Sốt ướp đồ nướng Lee Kum Kee gói 45g,5
condiments_oil,"Dầu ăn, nước chấm, gia vị",cong_ty_tnhh_mtv_thuc_pham_hai_hoang,Cong Ty Tnhh Mtv Thuc Pham Hai Hoang,Đường phèn hạt Hoàng Hải gói 500g,Đường phèn hạt Hoàng Hải gói 500g,5
condiments_oil,"Dầu ăn, nước chấm, gia vị",cong_ty_tnhh_mtv_thuc_pham_tinh_nguyen,Cong Ty Tnhh Mtv Thuc Pham Tinh Nguyen,Bột canh Natafoods gói 250g,Bột canh Natafoods gói 250g,5
condiments_oil,"Dầu ăn, nước chấm, gia vị",cong_ty_tnhh_mtv_thuc_pham_tinh_nguyen,Cong Ty Tnhh Mtv Thuc Pham Tinh Nguyen,Hạt nêm Natafoods thịt heo gói 1kg,Hạt nêm Natafoods thịt heo gói 1kg,7
condiments_oil,"Dầu ăn, nước chấm, gia vị",cong_ty_tnhh_mtv_thuc_pham_tinh_nguyen,Cong Ty Tnhh Mtv Thuc Pham Tinh Nguyen,Muối ớt chanh vị wasabi Fadely chai 200g,Muối ớt chanh vị wasabi Fadely chai 200g,5
condiments_oil,"Dầu ăn, nước chấm, gia vị",cong_ty_tnhh_mtv_thuc_pham_tinh_nguyen,Cong Ty Tnhh Mtv Thuc Pham Tinh Nguyen,Muối tiêu lá chanh Tinh Nguyên hũ 90g,Muối tiêu lá chanh Tinh Nguyên hũ 90g,7
condiments_oil,"Dầu ăn, nước chấm, gia vị",cong_ty_tnhh_mtv_thuc_pham_tinh_nguyen,Cong Ty Tnhh Mtv Thuc Pham Tinh Nguyen,Muối tôm siêu cay Fadely hũ 60g,Muối tôm siêu cay Fadely hũ 60g,6
condiments_oil,"Dầu ăn, nước chấm, gia vị",cong_ty_tnhh_mtv_thuc_pham_tinh_nguyen,Cong Ty Tnhh Mtv Thuc Pham Tinh Nguyen,Ớt rim xứ nắng Delly Cook chai 290g,Ớt rim xứ nắng Delly Cook chai 290g,4
condiments_oil,"Dầu ăn, nước chấm, gia vị",cong_ty_tnhh_mtv_thuc_pham_tinh_nguyen,Cong Ty Tnhh Mtv Thuc Pham Tinh Nguyen,Tương cà Delly Cook chai 270g,Tương cà Delly Cook chai 270g,7
condiments_oil,"Dầu ăn, nước chấm, gia vị",cong_ty_tnhh_mtv_thuc_pham_tinh_nguyen,Cong Ty Tnhh Mtv Thuc Pham Tinh Nguyen,Tương ớt Delly Cook chai 270g,Tương ớt Delly Cook chai 270g,8
condiments_oil,"Dầu ăn, nước chấm, gia vị",cong_ty_tnhh_muoi_tom_tran_lam_food,Cong Ty Tnhh Muoi Tom Tran Lam Food,Muối tôm Trần Lâm Food hũ 100g,Muối tôm Trần Lâm Food hũ 100g,2
condiments_oil,"Dầu ăn, nước chấm, gia vị",cong_ty_tnhh_nestle_viet_nam,Cong Ty Tnhh Nestle Viet Nam,Dầu hào cao cấp Maggi bào ngư chai 350g,Dầu hào cao cấp Maggi bào ngư chai 350g,4
condiments_oil,"Dầu ăn, nước chấm, gia vị",cong_ty_tnhh_nestle_viet_nam,Cong Ty Tnhh Nestle Viet Nam,Dầu hào chay Maggi nấm hương chai 350g,Dầu hào chay Maggi nấm hương chai 350g,5
condiments_oil,"Dầu ăn, nước chấm, gia vị",cong_ty_tnhh_nestle_viet_nam,Cong Ty Tnhh Nestle Viet Nam,Dầu hào Maggi đậm đặc chai 150g,Dầu hào Maggi đậm đặc chai 150g,5
condiments_oil,"Dầu ăn, nước chấm, gia vị",cong_ty_tnhh_nestle_viet_nam,Cong Ty Tnhh Nestle Viet Nam,Dầu hào Maggi đậm đặc chai 350g,Dầu hào Maggi đậm đặc chai 350g,4
condiments_oil,"Dầu ăn, nước chấm, gia vị",cong_ty_tnhh_nestle_viet_nam,Cong Ty Tnhh Nestle Viet Nam,Dầu hào Maggi đậm đặc chai 530g,Dầu hào Maggi đậm đặc chai 530g,6
condiments_oil,"Dầu ăn, nước chấm, gia vị",cong_ty_tnhh_nestle_viet_nam,Cong Ty Tnhh Nestle Viet Nam,Hạt nêm cao cấp Maggi nấm hương gói 450g,Hạt nêm cao cấp Maggi nấm hương gói 450g,6
condiments_oil,"Dầu ăn, nước chấm, gia vị",cong_ty_tnhh_nestle_viet_nam,Cong Ty Tnhh Nestle Viet Nam,Nước tương đậu nành Maggi đậm đặc chai 300ml,Nước tương đậu nành Maggi đậm đặc chai 300ml,4
condiments_oil,"Dầu ăn, nước chấm, gia vị",cong_ty_tnhh_nestle_viet_nam,Cong Ty Tnhh Nestle Viet Nam,Nước tương đậu nành Maggi đậm đặc chai 700ml,Nước tương đậu nành Maggi đậm đặc chai 700ml,4
condiments_oil,"Dầu ăn, nước chấm, gia vị",cong_ty_tnhh_nestle_viet_nam,Cong Ty Tnhh Nestle Viet Nam,Nước tương đậu nành Maggi thanh dịu chai 300ml,Nước tương đậu nành Maggi thanh dịu chai 300ml,4
condiments_oil,"Dầu ăn, nước chấm, gia vị",cong_ty_tnhh_nestle_viet_nam,Cong Ty Tnhh Nestle Viet Nam,Nước tương hảo hạng Maggi chai 200ml,Nước tương hảo hạng Maggi chai 200ml,6
condiments_oil,"Dầu ăn, nước chấm, gia vị",cong_ty_tnhh_nestle_viet_nam,Cong Ty Tnhh Nestle Viet Nam,Xốt gia vị nền kho sả ớt Maggi gói 60g,Xốt gia vị nền kho sả ớt Maggi gói 60g,3
condiments_oil,"Dầu ăn, nước chấm, gia vị",cong_ty_tnhh_ottogi_viet_nam,Cong Ty Tnhh Ottogi Viet Nam,Xốt mì Spaghetti thịt bằm Ottogi gói 110g,Xốt mì Spaghetti thịt bằm Ottogi gói 110g,5
condiments_oil,"Dầu ăn, nước chấm, gia vị",cong_ty_tnhh_ottogi_viet_nam,Cong Ty Tnhh Ottogi Viet Nam,Xốt ướp sườn nướng Ottogi đậm vị đưa cơm gói 80g,Xốt ướp sườn nướng Ottogi đậm vị đưa cơm gói 80g,5
condiments_oil,"Dầu ăn, nước chấm, gia vị",cong_ty_tnhh_ottogi_viet_nam,Cong Ty Tnhh Ottogi Viet Nam,Xốt ướp thịt truyền thống Ottogi gói 80g,Xốt ướp thịt truyền thống Ottogi gói 80g,5
condiments_oil,"Dầu ăn, nước chấm, gia vị",cong_ty_tnhh_quoc_te_unilever_viet_nam,Cong Ty Tnhh Quoc Te Unilever Viet Nam,Gia vị hoàn chỉnh cá kho Knorr cho món kho ngon đúng điệu gói 28g,Gia vị hoàn chỉnh cá kho Knorr cho món kho ngon đúng điệu gói 28g,4
condiments_oil,"Dầu ăn, nước chấm, gia vị",cong_ty_tnhh_quoc_te_unilever_viet_nam,Cong Ty Tnhh Quoc Te Unilever Viet Nam,Gia vị hoàn chỉnh nấu canh chua Knorr cho món canh ngon đúng điệu gói 30g,Gia vị hoàn chỉnh nấu canh chua Knorr cho món canh ngon đúng điệu gói 30g,5
condiments_oil,"Dầu ăn, nước chấm, gia vị",cong_ty_tnhh_quoc_te_unilever_viet_nam,Cong Ty Tnhh Quoc Te Unilever Viet Nam,Gia vị hoàn chỉnh thịt kho Knorr gói 28g,Gia vị hoàn chỉnh thịt kho Knorr gói 28g,6
condiments_oil,"Dầu ăn, nước chấm, gia vị",cong_ty_tnhh_quoc_te_unilever_viet_nam,Cong Ty Tnhh Quoc Te Unilever Viet Nam,"Hạt nêm Best Foods xương, thịt và tôm gói 900g","Hạt nêm Best Foods xương, thịt và tôm gói 900g",1
condiments_oil,"Dầu ăn, nước chấm, gia vị",cong_ty_tnhh_quoc_te_unilever_viet_nam,Cong Ty Tnhh Quoc Te Unilever Viet Nam,Hạt nêm chay Knorr nấm hương organic gói 380g,Hạt nêm chay Knorr nấm hương organic gói 380g,4
condiments_oil,"Dầu ăn, nước chấm, gia vị",cong_ty_tnhh_quoc_te_unilever_viet_nam,Cong Ty Tnhh Quoc Te Unilever Viet Nam,Hạt nêm Knorr nấm hương organic gói 800g,Hạt nêm Knorr nấm hương organic gói 800g,6
condiments_oil,"Dầu ăn, nước chấm, gia vị",cong_ty_tnhh_quoc_te_unilever_viet_nam,Cong Ty Tnhh Quoc Te Unilever Viet Nam,"Hạt nêm Knorr thịt thăn, xương ống, tủy gói 170g","Hạt nêm Knorr thịt thăn, xương ống, tủy gói 170g",5
condiments_oil,"Dầu ăn, nước chấm, gia vị",cong_ty_tnhh_quoc_te_unilever_viet_nam,Cong Ty Tnhh Quoc Te Unilever Viet Nam,"Hạt nêm Knorr thịt thăn, xương ống, tủy gói 400g","Hạt nêm Knorr thịt thăn, xương ống, tủy gói 400g",5
condiments_oil,"Dầu ăn, nước chấm, gia vị",cong_ty_tnhh_quoc_te_unilever_viet_nam,Cong Ty Tnhh Quoc Te Unilever Viet Nam,"Hạt nêm Knorr thịt thăn, xương ống, tủy gói 900g","Hạt nêm Knorr thịt thăn, xương ống, tủy gói 900g",5
condiments_oil,"Dầu ăn, nước chấm, gia vị",cong_ty_tnhh_quoc_te_unilever_viet_nam,Cong Ty Tnhh Quoc Te Unilever Viet Nam,Nước mắm cá cơm than Knorr 15 độ đạm chai 242ml,Nước mắm cá cơm than Knorr 15 độ đạm chai 242ml,4
condiments_oil,"Dầu ăn, nước chấm, gia vị",cong_ty_tnhh_quoc_te_unilever_viet_nam,Cong Ty Tnhh Quoc Te Unilever Viet Nam,Nước mắm cá cơm than Knorr 15 độ đạm chai 750ml,Nước mắm cá cơm than Knorr 15 độ đạm chai 750ml,3
condiments_oil,"Dầu ăn, nước chấm, gia vị",cong_ty_tnhh_quoc_te_unilever_viet_nam,Cong Ty Tnhh Quoc Te Unilever Viet Nam,Tương ớt tròn 5 vị Knorr chai 450g,Tương ớt tròn 5 vị Knorr chai 450g,5
condiments_oil,"Dầu ăn, nước chấm, gia vị",cong_ty_tnhh_san_xuat_thuong_mai_xuat_nhap_khau_ngoc_han,Cong Ty Tnhh San Xuat Thuong Mai Xuat Nhap Khau Ngoc Han,Nước cốt lẩu Tomyum chua cay Haidilao gói 200g,Nước cốt lẩu Tomyum chua cay Haidilao gói 200g,1
condiments_oil,"Dầu ăn, nước chấm, gia vị",cong_ty_tnhh_san_xuat_va_kinh_doanh_nuoc_mam_thanh_quoc,Cong Ty Tnhh San Xuat Va Kinh Doanh Nuoc Mam Thanh Quoc,Nước mắm Phú Quốc Thanh Quốc 35 độ đạm chai 520ml,Nước mắm Phú Quốc Thanh Quốc 35 độ đạm chai 520ml,3
condiments_oil,"Dầu ăn, nước chấm, gia vị",cong_ty_tnhh_sx_kd_nuoc_mam_hung_thinh,Cong Ty Tnhh Sx Kd Nuoc Mam Hung Thinh,Nước mắm cá cơm đặc sản Hưng Thịnh 40 độ đạm chai 750ml,Nước mắm cá cơm đặc sản Hưng Thịnh 40 độ đạm chai 750ml,6
condiments_oil,"Dầu ăn, nước chấm, gia vị",cong_ty_tnhh_sx_kd_nuoc_mam_hung_thinh,Cong Ty Tnhh Sx Kd Nuoc Mam Hung Thinh,Nước mắm cá cơm Hưng Thịnh 38 độ đạm chai 750ml,Nước mắm cá cơm Hưng Thịnh 38 độ đạm chai 750ml,5
condiments_oil,"Dầu ăn, nước chấm, gia vị",cong_ty_tnhh_sx_kd_nuoc_mam_hung_thinh,Cong Ty Tnhh Sx Kd Nuoc Mam Hung Thinh,Nước mắm cá cơm siêu hạng Hưng Thịnh 35 độ đạm chai 620ml,Nước mắm cá cơm siêu hạng Hưng Thịnh 35 độ đạm chai 620ml,7
condiments_oil,"Dầu ăn, nước chấm, gia vị",cong_ty_tnhh_thuc_pham_gia_truyen,Cong Ty Tnhh Thuc Pham Gia Truyen,Dầu ớt Nguyên Bảo hũ 120g,Dầu ớt Nguyên Bảo hũ 120g,3
condiments_oil,"Dầu ăn, nước chấm, gia vị",cong_ty_tnhh_thuc_pham_gia_truyen,Cong Ty Tnhh Thuc Pham Gia Truyen,Dầu tỏi phi Nguyên Bảo hũ 120g,Dầu tỏi phi Nguyên Bảo hũ 120g,3
condiments_oil,"Dầu ăn, nước chấm, gia vị",cong_ty_tnhh_thuc_pham_gia_truyen,Cong Ty Tnhh Thuc Pham Gia Truyen,Hành phi Nguyên Bảo gói 50g,Hành phi Nguyên Bảo gói 50g,4
condiments_oil,"Dầu ăn, nước chấm, gia vị",cong_ty_tnhh_thuc_pham_gia_truyen,Cong Ty Tnhh Thuc Pham Gia Truyen,Tỏi phi Nguyên Bảo gói 50g,Tỏi phi Nguyên Bảo gói 50g,4
condiments_oil,"Dầu ăn, nước chấm, gia vị",cong_ty_tnhh_thuc_pham_minh_khanh_long,Cong Ty Tnhh Thuc Pham Minh Khanh Long,Sốt muối kim chi Hàn Quốc O'food gói 180g,Sốt muối kim chi Hàn Quốc O'food gói 180g,5
condiments_oil,"Dầu ăn, nước chấm, gia vị",cong_ty_tnhh_thuc_pham_minh_khanh_long,Cong Ty Tnhh Thuc Pham Minh Khanh Long,Sốt spaghetti O'food Bolognese thịt bằm gói 120g,Sốt spaghetti O'food Bolognese thịt bằm gói 120g,5
condiments_oil,"Dầu ăn, nước chấm, gia vị",cong_ty_tnhh_thuc_pham_minh_khanh_long,Cong Ty Tnhh Thuc Pham Minh Khanh Long,Sốt spaghetti O'food phô mai kem gói 120g,Sốt spaghetti O'food phô mai kem gói 120g,5
condiments_oil,"Dầu ăn, nước chấm, gia vị",cong_ty_tnhh_thuc_pham_minh_khanh_long,Cong Ty Tnhh Thuc Pham Minh Khanh Long,Sốt ướp thịt Hàn Quốc O'food vị cay gói 80g,Sốt ướp thịt Hàn Quốc O'food vị cay gói 80g,5
condiments_oil,"Dầu ăn, nước chấm, gia vị",cong_ty_tnhh_thuc_pham_minh_khanh_long,Cong Ty Tnhh Thuc Pham Minh Khanh Long,Sốt ướp thịt Hàn Quốc O'food vị truyền thống gói 80g,Sốt ướp thịt Hàn Quốc O'food vị truyền thống gói 80g,4
condiments_oil,"Dầu ăn, nước chấm, gia vị",cong_ty_tnhh_thuc_pham_quoc_te_nam_duong,Cong Ty Tnhh Thuc Pham Quoc Te Nam Duong,Hạt nêm Neptune 4 trong 1 vị heo gói 380g,Hạt nêm Neptune 4 trong 1 vị heo gói 380g,4
condiments_oil,"Dầu ăn, nước chấm, gia vị",cong_ty_tnhh_thuc_pham_quoc_te_nam_duong,Cong Ty Tnhh Thuc Pham Quoc Te Nam Duong,Nước chấm Hàng Việt chai 500ml,Nước chấm Hàng Việt chai 500ml,6
condiments_oil,"Dầu ăn, nước chấm, gia vị",cong_ty_tnhh_thuc_pham_quoc_te_nam_duong,Cong Ty Tnhh Thuc Pham Quoc Te Nam Duong,Nước tương đậm đặc Nam Dương chính hiệu Con Mèo Đen chai 500ml,Nước tương đậm đặc Nam Dương chính hiệu Con Mèo Đen chai 500ml,5
condiments_oil,"Dầu ăn, nước chấm, gia vị",cong_ty_tnhh_thuc_pham_quoc_te_nam_duong,Cong Ty Tnhh Thuc Pham Quoc Te Nam Duong,Tương cà Nam Dương chai 255g,Tương cà Nam Dương chai 255g,6
condiments_oil,"Dầu ăn, nước chấm, gia vị",cong_ty_tnhh_thuc_pham_quoc_te_nam_duong,Cong Ty Tnhh Thuc Pham Quoc Te Nam Duong,Tương ớt Nam Dương chai 255g,Tương ớt Nam Dương chai 255g,6
condiments_oil,"Dầu ăn, nước chấm, gia vị",cong_ty_tnhh_thuc_pham_quoc_te_nam_duong,Cong Ty Tnhh Thuc Pham Quoc Te Nam Duong,Tương ớt Nam Dương chai 470g,Tương ớt Nam Dương chai 470g,6
condiments_oil,"Dầu ăn, nước chấm, gia vị",cong_ty_tnhh_thuc_pham_quoc_te_nam_duong,Cong Ty Tnhh Thuc Pham Quoc Te Nam Duong,Tương ớt Nam Dương Hàng Việt chai 800g,Tương ớt Nam Dương Hàng Việt chai 800g,4
condiments_oil,"Dầu ăn, nước chấm, gia vị",cong_ty_tnhh_thuc_pham_quoc_te_nam_duong,Cong Ty Tnhh Thuc Pham Quoc Te Nam Duong,Xốt mayonnaise Simply chai 230g,Xốt mayonnaise Simply chai 230g,5
condiments_oil,"Dầu ăn, nước chấm, gia vị",cong_ty_tnhh_thuc_pham_quoc_te_nam_duong,Cong Ty Tnhh Thuc Pham Quoc Te Nam Duong,Xốt mayonnaise Simply hương gạo rang chai 230g,Xốt mayonnaise Simply hương gạo rang chai 230g,6
condiments_oil,"Dầu ăn, nước chấm, gia vị",cong_ty_trach_nhiem_huu_han_tap_hoa_viet,Cong Ty Trach Nhiem Huu Han Tap Hoa Viet,Xốt nấu lẩu Thái Thuận Phát chai 250g,Xốt nấu lẩu Thái Thuận Phát chai 250g,6
condiments_oil,"Dầu ăn, nước chấm, gia vị",cong_ty_trach_nhiem_huu_han_thien_thanh,Cong Ty Trach Nhiem Huu Han Thien Thanh,Bột cà ri Thiên Thành gói 10g,Bột cà ri Thiên Thành gói 10g,4
condiments_oil,"Dầu ăn, nước chấm, gia vị",tap_doan_ottogi_han_quoc,Tap Doan Ottogi Han Quoc,Giấm táo Ottogi chai 450ml,Giấm táo Ottogi chai 450ml,7
condiments_oil,"Dầu ăn, nước chấm, gia vị",xi_nghiep_lien_doanh_vianco_ltd,Xi Nghiep Lien Doanh Vianco Ltd,Bột cà ri Vianco gói 10g,Bột cà ri Vianco gói 10g,5
condiments_oil,"Dầu ăn, nước chấm, gia vị",xi_nghiep_lien_doanh_vianco_ltd,Xi Nghiep Lien Doanh Vianco Ltd,Bột gia vị nấu bò kho Vianco gói 18g,Bột gia vị nấu bò kho Vianco gói 18g,6